ID	Sequence	OUTLIER	OUTLIER_REASON	Isoelectric_Point	Amphipathicity	Net_Charge	Molecular_Weight	CLUSTER	PC1	PC2
tr|A0A8J6ESU0|A0A8J6ESU0_ELECQ	RPMTEQQSARYGAQKKSPIPSEISRRDLLASLSHEQKQFMMSQLLPQLLAEMSTAEGHLHPMQDRDYAGWMDFGR	True	abs_residual_z >= 1.5	7.03	9.4	1.11	8645.8	2	-4.056392999948159	7.158498770374199
tr|A0A0A1I6K1|A0A0A1I6K1_BOMOR	RFLGLLGSLLG	True	abs_residual_z >= 1.5	9.75	13.55	1.99	1144.42	0	-0.1994913147868876	-1.4473868986382783
tr|A0A1M4NFQ7|A0A1M4NFQ7_BOMOR	RLLGPVLGLVSNVLGGLLG	True	abs_residual_z >= 1.5	9.75	13.55	1.99	1846.28	0	-0.3279514021318478	-0.6175531316525134
tr|A0A7L7EYU4|A0A7L7EYU4_PITHY	RFLSLIPHAINAVGTLVHHFG	True	abs_residual_z >= 1.5	9.77	13.55	2.12	2298.7	0	-0.34509947929023815	-0.06317253403033654
tr|A6MAX3|A6MAX3_ODOGR	LPFCQEK	True	abs_residual_z >= 1.5	5.99	8.74	0.84	863.04	1	-3.2735648653157696	-2.1328802821773225
tr|B5AKW4|B5AKW4_9NEOB	RGLLSVLGSVAKHVLPHVVPVIAEHLG	True	abs_residual_z >= 1.5	8.77	11.4	2.12	2797.36	0	-1.3885564063609352	0.4745761259607119
tr|B5AKW5|B5AKW5_9NEOB	RGLLSVLGSVAKHVLPHVVPVIAEHLG	True	abs_residual_z >= 1.5	8.77	11.4	2.12	2797.36	0	-1.3885564063609352	0.4745761259607119
tr|B5L0Y9|B5L0Y9_BOMMX	RILGPVLSLVGNALGGLIKKIG	True	abs_residual_z >= 1.5	11.17	13.57	3.99	2187.73	0	0.9682408744231562	0.13911362794781312
tr|B5L0Z0|B5L0Z0_BOMMX	RILGPVLGLVGNALGGLIKKIG	True	abs_residual_z >= 1.5	11.17	13.57	3.99	2157.7	0	0.97373720762774	0.10360810259719803
tr|B5L0Z1|B5L0Z1_BOMMX	RILGPVLGLVGNALGGLIKKIG	True	abs_residual_z >= 1.5	11.17	13.57	3.99	2157.7	0	0.97373720762774	0.10360810259719803
tr|B5L0Z2|B5L0Z2_BOMMX	RILGPVLSLVGNALGGLIKKIG	True	abs_residual_z >= 1.5	11.17	13.57	3.99	2187.73	0	0.9682408744231562	0.13911362794781312
tr|B5L0Z3|B5L0Z3_BOMMX	RILGPVLGLVSNALGGLIKKIG	True	abs_residual_z >= 1.5	11.17	13.57	3.99	2187.73	0	0.9682408744231562	0.13911362794781312
tr|B5L0Z4|B5L0Z4_BOMMX	RILGPVLGLVGSALGGLIKKIG	True	abs_residual_z >= 1.5	11.17	13.57	3.99	2130.68	0	0.9786826263153142	0.07166140612788029
tr|B5L0Z5|B5L0Z5_BOMMX	RILGPVLSMVGSALGGFFKKIG	True	abs_residual_z >= 1.5	11.17	13.57	3.99	2246.77	0	0.9574348966543043	0.20891869676900188
tr|B5L0Z6|B5L0Z6_BOMMX	RILGPVISTIGGVLGGLLKNLG	True	abs_residual_z >= 1.5	11.0	13.56	2.99	2146.63	0	0.4627342501086386	-0.06003156160643772
tr|B5L0Z8|B5L0Z8_BOMMX	RIWGQY	True	abs_residual_z >= 1.5	8.75	11.14	1.99	820.94	0	-1.1703765847035121	-1.8821452096386744
tr|B5L0Z9|B5L0Z9_BOMMX	RILGPVISTIGGVLGGLLKNLG	True	abs_residual_z >= 1.5	11.0	13.56	2.99	2146.63	0	0.4627342501086386	-0.06003156160643772
tr|B5L102|B5L102_BOMMX	RILGPVLGLVGNALGGLIKKIG	True	abs_residual_z >= 1.5	11.17	13.57	3.99	2157.7	0	0.97373720762774	0.10360810259719803
tr|B5L104|B5L104_BOMMX	RILGPVLGLVGNALGGLIKKIG	True	abs_residual_z >= 1.5	11.17	13.57	3.99	2157.7	0	0.97373720762774	0.10360810259719803
tr|B5L105|B5L105_BOMMX	RILGPVISTIGGVLGGLLKNLG	True	abs_residual_z >= 1.5	11.0	13.56	2.99	2146.63	0	0.4627342501086386	-0.06003156160643772
tr|B5L106|B5L106_BOMMX	RILGPVLSMVGSALGGLIKKIG	True	abs_residual_z >= 1.5	11.17	13.57	3.99	2178.74	0	0.9698862968510353	0.1284844347109821
tr|B5L110|B5L110_BOMMX	RGIGGKILSGLKTA	True	abs_residual_z >= 1.5	11.17	13.57	3.99	1369.67	0	1.1179688245177877	-0.8281074865484894
tr|B5L112|B5L112_BOMMX	RILGPVLGLVGNALGGLIKKIG	True	abs_residual_z >= 1.5	11.17	13.57	3.99	2157.7	0	0.97373720762774	0.10360810259719803
tr|B5L113|B5L113_BOMMX	RILGPVIGTIGNVLGGLIKKIG	True	abs_residual_z >= 1.5	11.17	13.57	3.99	2187.73	0	0.9682408744231562	0.13911362794781312
tr|B5L116|B5L116_BOMMX	RILGPVISTIGGVLGGLLKNLG	True	abs_residual_z >= 1.5	11.0	13.56	2.99	2146.63	0	0.4627342501086386	-0.06003156160643772
tr|B5L118|B5L118_BOMMX	RILGPVLGLVGNALGGLIKKIG	True	abs_residual_z >= 1.5	11.17	13.57	3.99	2157.7	0	0.97373720762774	0.10360810259719803
tr|B5L125|B5L125_BOMMX	RILGPVLGLVGNALGGLIKKIG	True	abs_residual_z >= 1.5	11.17	13.57	3.99	2157.7	0	0.97373720762774	0.10360810259719803
tr|B5L128|B5L128_BOMMX	RILGPVLGLVGNALGGLIKKIG	True	abs_residual_z >= 1.5	11.17	13.57	3.99	2157.7	0	0.97373720762774	0.10360810259719803
tr|B5L129|B5L129_BOMMX	RILGPVLGLVSNVLGGLLG	True	abs_residual_z >= 1.5	9.75	13.55	1.99	1846.28	0	-0.3279514021318478	-0.6175531316525134
tr|B5L130|B5L130_BOMMX	RILGPVLGLVGNPLGGLIKKIG	True	abs_residual_z >= 1.5	11.17	13.57	3.99	2183.74	0	0.9689711564573317	0.13439611059353535
tr|B5L131|B5L131_BOMMX	RILGPVIGTTGNVLGGLLKNLG	True	abs_residual_z >= 1.5	11.0	13.56	2.99	2161.6	0	0.45999431976989014	-0.04233200401407352
tr|B5L132|B5L132_BOMMX	RILGPVLGLVGNALGGLIKKIG	True	abs_residual_z >= 1.5	11.17	13.57	3.99	2157.7	0	0.97373720762774	0.10360810259719803
tr|B5L133|B5L133_BOMMX	RILGPVLSLVGNALGGLIKKIG	True	abs_residual_z >= 1.5	11.17	13.57	3.99	2187.73	0	0.9682408744231562	0.13911362794781312
tr|B5L136|B5L136_BOMMX	RILGPVLGLVGNALGGLLKNLG	True	abs_residual_z >= 1.5	11.0	13.56	2.99	2143.63	0	0.4632833343448608	-0.06357856713596968
tr|B5L138|B5L138_BOMMX	RILGPVLGLVGNALGGLIKKIG	True	abs_residual_z >= 1.5	11.17	13.57	3.99	2157.7	0	0.97373720762774	0.10360810259719803
tr|B5L141|B5L141_BOMMX	RILGPVISTIGGVLGGLLKNLG	True	abs_residual_z >= 1.5	11.0	13.56	2.99	2146.63	0	0.4627342501086386	-0.06003156160643772
tr|B5L143|B5L143_BOMMX	RILGPVISTIGGVLGGLLKNLG	True	abs_residual_z >= 1.5	11.0	13.56	2.99	2146.63	0	0.4627342501086386	-0.06003156160643772
tr|B5L145|B5L145_BOMMX	RILGPVLGLVGSALGGLIKKIG	True	abs_residual_z >= 1.5	11.17	13.57	3.99	2130.68	0	0.9786826263153142	0.07166140612788029
tr|B5L152|B5L152_BOMMX	RIQVVRLQMATMISPQEVVET	True	abs_residual_z >= 1.5	6.14	10.58	0.99	2427.89	1	-2.8938128200565436	-0.2508761854682001
tr|B5L153|B5L153_BOMMX	RILGPVISTIGGVLGGLLKNLG	True	abs_residual_z >= 1.5	11.0	13.56	2.99	2146.63	0	0.4627342501086386	-0.06003156160643772
tr|B5L154|B5L154_BOMMX	RILGPVLGLVGNALGGLIKKIG	True	abs_residual_z >= 1.5	11.17	13.57	3.99	2157.7	0	0.97373720762774	0.10360810259719803
tr|B5L156|B5L156_BOMMX	RILGPVISKIGVVLGGLLKNLG	True	abs_residual_z >= 1.5	11.17	13.57	3.99	2215.78	0	0.963106936814479	0.17227812964893707
tr|B5L157|B5L157_BOMMX	RILGPVLGLVGNALGGLIKKIG	True	abs_residual_z >= 1.5	11.17	13.57	3.99	2157.7	0	0.97373720762774	0.10360810259719803
tr|B5L158|B5L158_BOMMX	RILGPVIGTTGNVLGGLLKNLG	True	abs_residual_z >= 1.5	11.0	13.56	2.99	2161.6	0	0.45999431976989014	-0.04233200401407352
tr|B5L160|B5L160_BOMMX	RILGPVISTIGGVLGGLLKNLG	True	abs_residual_z >= 1.5	11.0	13.56	2.99	2146.63	0	0.4627342501086386	-0.06003156160643772
tr|B5L161|B5L161_BOMMX	RILGPVISTIGGVLGGLLKNLG	True	abs_residual_z >= 1.5	11.0	13.56	2.99	2146.63	0	0.4627342501086386	-0.06003156160643772
tr|B5L1M1|B5L1M1_NIDPL	RSFLCDLKILATNAAKNAGQCVVTTLSCKLCGTC	True	abs_residual_z >= 1.5	8.78	8.65	3.22	3546.25	0	-1.8430769637309494	1.5122175011683805
tr|C3RSP0|C3RSP0_9ANUR	RILGPVISTIGGVLGGLLKNLG	True	abs_residual_z >= 1.5	11.0	13.56	2.99	2146.63	0	0.4627342501086386	-0.06003156160643772
tr|C3RSP1|C3RSP1_9ANUR	RILGPVLGLAGNALGGLIKKIG	True	abs_residual_z >= 1.5	11.17	13.57	3.99	2129.65	0	0.978871145236417	0.07044360089607461
tr|C3RSP2|C3RSP2_9ANUR	RILGPVLGLVGNALGGLIKKIG	True	abs_residual_z >= 1.5	11.17	13.57	3.99	2157.7	0	0.97373720762774	0.10360810259719803
tr|C3RSP4|C3RSP4_9ANUR	RILGPVLGLVGNALGGLIKKIG	True	abs_residual_z >= 1.5	11.17	13.57	3.99	2157.7	0	0.97373720762774	0.10360810259719803
tr|C3RSP5|C3RSP5_9ANUR	RILGSVLGLVGNALGGLIKKIG	True	abs_residual_z >= 1.5	11.17	13.57	3.99	2147.66	0	0.9755748095382968	0.09173745742503114
tr|C3RSP6|C3RSP6_9ANUR	RVLGPVLGLASNALGGLIKKIG	True	abs_residual_z >= 1.5	11.17	13.57	3.99	2145.65	0	0.9759426959765656	0.08936096372024502
tr|C3RSP7|C3RSP7_9ANUR	RISGPVLGLVGSALGGLIKKIG	True	abs_residual_z >= 1.5	11.17	13.57	3.99	2104.6	0	0.9834559986088721	0.04082610472448261
tr|C3RSP8|C3RSP8_9ANUR	RILGPVLGLVSNALGGLIKKIG	True	abs_residual_z >= 1.5	11.17	13.57	3.99	2187.73	0	0.9682408744231562	0.13911362794781312
tr|C3RSQ0|C3RSQ0_9ANUR	RILGPVLGLVGSALGGLIKKIG	True	abs_residual_z >= 1.5	11.17	13.57	3.99	2130.68	0	0.9786826263153142	0.07166140612788029
tr|C3RSQ1|C3RSQ1_9ANUR	RILGPVLGLVGDTLGDLLG	True	abs_residual_z >= 1.5	4.21	6.69	-0.01	1877.24	1	-5.010672824776744	-1.1438797170690589
tr|C3RSQ2|C3RSQ2_9ANUR	RILGPVLGLVGNALGGLIKKIG	True	abs_residual_z >= 1.5	11.17	13.57	3.99	2157.7	0	0.97373720762774	0.10360810259719803
tr|C3RSQ3|C3RSQ3_9ANUR	RILGPVISTIGNVLGGLLKNLG	True	abs_residual_z >= 1.5	11.0	13.56	2.99	2203.68	0	0.4522924982164807	0.007420660213494554
tr|C3RSQ4|C3RSQ4_9ANUR	RILGLVISTIGNVLGGLLKNLG	True	abs_residual_z >= 1.5	11.0	13.56	2.99	2219.72	0	0.44935672783347963	0.026385316444725342
tr|C3RSQ5|C3RSQ5_9ANUR	RILGPVLGLDSNALEGLIKKIG	True	abs_residual_z >= 1.5	8.59	10.68	1.99	2275.75	0	-1.6237545114584755	-0.170571798748492
tr|C3RSQ6|C3RSQ6_9ANUR	RILGPVLGLVGNALGGLIKKIG	True	abs_residual_z >= 1.5	11.17	13.57	3.99	2157.7	0	0.97373720762774	0.10360810259719803
tr|C3RSQ7|C3RSQ7_9ANUR	RILGPVLGLVGNALGGLIKKIG	True	abs_residual_z >= 1.5	11.17	13.57	3.99	2157.7	0	0.97373720762774	0.10360810259719803
tr|C3RSQ8|C3RSQ8_9ANUR	RILGPVLGLVGNALGGLIKKIG	True	abs_residual_z >= 1.5	11.17	13.57	3.99	2157.7	0	0.97373720762774	0.10360810259719803
tr|C3RSR0|C3RSR0_9ANUR	RILGPVVGLVGNALGGLLKNLG	True	abs_residual_z >= 1.5	11.0	13.56	2.99	2129.6	0	0.4658512182895931	-0.08016672966241434
tr|C3RSR1|C3RSR1_9ANUR	RILGPVLGLVSNALGGLLKNLG	True	abs_residual_z >= 1.5	11.0	13.56	2.99	2173.66	0	0.4577870011402771	-0.028073041785355152
tr|C3RSR2|C3RSR2_9ANUR	RILGPVLGLVGNALGGLLKNLG	True	abs_residual_z >= 1.5	11.0	13.56	2.99	2143.63	0	0.4632833343448608	-0.06357856713596968
tr|C3RSR3|C3RSR3_9ANUR	RILGPVLGLVGDTLGDLLG	True	abs_residual_z >= 1.5	4.21	6.69	-0.01	1877.24	1	-5.010672824776744	-1.1438797170690589
tr|C3RSR4|C3RSR4_9ANUR	RILGPVLGLVSNALGGLLG	True	abs_residual_z >= 1.5	9.75	13.55	1.99	1818.22	0	-0.3228156342423833	-0.6507294567054022
tr|C3RSR5|C3RSR5_9ANUR	RILGPVLGLVSNALGGLIKKIG	True	abs_residual_z >= 1.5	11.17	13.57	3.99	2187.73	0	0.9682408744231562	0.13911362794781312
tr|C3RSR6|C3RSR6_9ANUR	RILGPVIKTIGGVIGGLLKNLG	True	abs_residual_z >= 1.5	11.17	13.57	3.99	2187.73	0	0.9682408744231562	0.13911362794781312
tr|C3RSR7|C3RSR7_9ANUR	RILGPVLGLVGNALGGLLKNLG	True	abs_residual_z >= 1.5	11.0	13.56	2.99	2143.63	0	0.4632833343448608	-0.06357856713596968
tr|C3RSR8|C3RSR8_9ANUR	RILGPVLGLVGSALGGLLKNLG	True	abs_residual_z >= 1.5	11.0	13.56	2.99	2116.61	0	0.468228753032435	-0.09552526360528744
tr|C3RSR9|C3RSR9_9ANUR	RILGPVLGLVGDTLGDLLG	True	abs_residual_z >= 1.5	4.21	6.69	-0.01	1877.24	1	-5.010672824776744	-1.1438797170690589
tr|C3RSS0|C3RSS0_9ANUR	RILGPVISTIGNVLGGLLKNLG	True	abs_residual_z >= 1.5	11.0	13.56	2.99	2203.68	0	0.4522924982164807	0.007420660213494554
tr|C3RSS1|C3RSS1_9ANUR	RILGPVLGLVGDTLGDLLG	True	abs_residual_z >= 1.5	4.21	6.69	-0.01	1877.24	1	-5.010672824776744	-1.1438797170690589
tr|C3RSS2|C3RSS2_9ANUR	RILGPVLGLVGNALGGLIKKIG	True	abs_residual_z >= 1.5	11.17	13.57	3.99	2157.7	0	0.97373720762774	0.10360810259719803
tr|C3RSS3|C3RSS3_9ANUR	RILGPVLGLVGNTLGGLIKKIG	True	abs_residual_z >= 1.5	11.17	13.57	3.99	2187.73	0	0.9682408744231562	0.13911362794781312
tr|C3RSS4|C3RSS4_9ANUR	RILGPVLGLVGSALGGLLKNLG	True	abs_residual_z >= 1.5	11.0	13.56	2.99	2116.61	0	0.468228753032435	-0.09552526360528744
tr|C3RSS5|C3RSS5_9ANUR	RILGPVLGLVGSALGGLLKNLG	True	abs_residual_z >= 1.5	11.0	13.56	2.99	2116.61	0	0.468228753032435	-0.09552526360528744
tr|C3RSS6|C3RSS6_9ANUR	RILGPVLGLVGSALGGLIK	True	abs_residual_z >= 1.5	11.0	13.56	2.99	1832.29	0	0.5202672963799959	-0.43168680099079576
tr|C3RSS6|C3RSS6_9ANUR	RLDNYNQ	True	abs_residual_z >= 1.5	5.84	9.74	0.99	920.98	1	-2.96208970714549	-2.0484457127734235
tr|C3RSS7|C3RSS7_9ANUR	RILGPVLGLVGDTLGDLLG	True	abs_residual_z >= 1.5	4.21	6.69	-0.01	1877.24	1	-5.010672824776744	-1.1438797170690589
tr|C3RSS8|C3RSS8_9ANUR	RILGPVLGLVGNALGGLIKKIG	True	abs_residual_z >= 1.5	11.17	13.57	3.99	2157.7	0	0.97373720762774	0.10360810259719803
tr|C3RSS9|C3RSS9_9ANUR	RGIGGKILGGLRTALKGAAKELAATYLHRKGTAEEHEVMKRLEAVMRDLDSLDHPEEAFERETRGFNQDEIANLFTKKEK	True	abs_residual_z >= 1.5	7.05	9.34	1.12	8993.15	2	-4.1272088867896946	7.571460300287529
tr|C3RSS9|C3RSS9_9ANUR	RILGPVLGLVSNALGGLIKKIG	True	abs_residual_z >= 1.5	11.17	13.57	3.99	2187.73	0	0.9682408744231562	0.13911362794781312
tr|C3RST0|C3RST0_9ANUR	RILGPVLGLVSNALDDVLGILG	True	abs_residual_z >= 1.5	4.21	6.69	-0.01	2203.64	1	-5.070413189677715	-0.7579655154559828
tr|C3RST1|C3RST1_9ANUR	RILGPVLGLVGNALGGLIKKIG	True	abs_residual_z >= 1.5	11.17	13.57	3.99	2157.7	0	0.97373720762774	0.10360810259719803
tr|C3RST2|C3RST2_9ANUR	RILGPVLGLVGNALGGLIKKIG	True	abs_residual_z >= 1.5	11.17	13.57	3.99	2157.7	0	0.97373720762774	0.10360810259719803
tr|C3RST3|C3RST3_9ANUR	RILGPVLGLVGNALGGLIKKI	True	abs_residual_z >= 1.5	11.17	13.57	3.99	2100.65	0	0.9841789595198979	0.03615588077726578
tr|C3RST4|C3RST4_9ANUR	RILGPVISKIGGVLGGLLKNLG	True	abs_residual_z >= 1.5	11.17	13.57	3.99	2173.7	0	0.9708087583678885	0.12252546542136844
tr|C3RST5|C3RST5_9ANUR	RILGPVLGLVSNALGGLLKNIG	True	abs_residual_z >= 1.5	11.0	13.56	2.99	2173.66	0	0.4577870011402771	-0.028073041785355152
tr|C3RST6|C3RST6_9ANUR	RILGPVLGLVGNALGGLIKKIG	True	abs_residual_z >= 1.5	11.17	13.57	3.99	2157.7	0	0.97373720762774	0.10360810259719803
tr|C3RST7|C3RST7_9ANUR	RILGPVLGLVGNALGGLIKKIG	True	abs_residual_z >= 1.5	11.17	13.57	3.99	2157.7	0	0.97373720762774	0.10360810259719803
tr|C3RST8|C3RST8_9ANUR	RGIGRKILGGLKTALKGAAKELAATYLHRK	True	abs_residual_z >= 1.5	11.17	11.96	8.03	3190.85	0	2.1512472079622538	1.8974558450585994
tr|C3RST8|C3RST8_9ANUR	RILGPVLGLVGNALGGLIKKIG	True	abs_residual_z >= 1.5	11.17	13.57	3.99	2157.7	0	0.97373720762774	0.10360810259719803
tr|C3RST9|C3RST9_9ANUR	RILGPVIKTIGGVIGGLLKNLG	True	abs_residual_z >= 1.5	11.17	13.57	3.99	2187.73	0	0.9682408744231562	0.13911362794781312
tr|C3RSU0|C3RSU0_9ANUR	RILGPVLGLVSNALGGLIKKIG	True	abs_residual_z >= 1.5	11.17	13.57	3.99	2187.73	0	0.9682408744231562	0.13911362794781312
tr|C3RSU1|C3RSU1_9ANUR	RILGPVISTIGGVLGGLLKNLG	True	abs_residual_z >= 1.5	11.0	13.56	2.99	2146.63	0	0.4627342501086386	-0.06003156160643772
tr|C3RSU2|C3RSU2_9ANUR	RILGPVISTIGGVLGGLLKNLG	True	abs_residual_z >= 1.5	11.0	13.56	2.99	2146.63	0	0.4627342501086386	-0.06003156160643772
tr|C3RSU3|C3RSU3_9ANUR	RILGPVISKIGGVLGGLLKNLG	True	abs_residual_z >= 1.5	11.17	13.57	3.99	2173.7	0	0.9708087583678885	0.12252546542136844
tr|C3RSU4|C3RSU4_9ANUR	RILGPVLGLVGSALGGLLKNLG	True	abs_residual_z >= 1.5	11.0	13.56	2.99	2116.61	0	0.468228753032435	-0.09552526360528744
tr|C3RSU5|C3RSU5_9ANUR	RILGPVLGLVSNALGGLLKNLG	True	abs_residual_z >= 1.5	11.0	13.56	2.99	2173.66	0	0.4577870011402771	-0.028073041785355152
tr|C3RSU6|C3RSU6_9ANUR	RILGPVLGLVGSALGGLLKNLG	True	abs_residual_z >= 1.5	11.0	13.56	2.99	2116.61	0	0.468228753032435	-0.09552526360528744
tr|C3RSU7|C3RSU7_9ANUR	RILLPVLGLVGNALGGLLKNLG	True	abs_residual_z >= 1.5	11.0	13.56	2.99	2199.74	0	0.45301362884671914	0.002762259618042529
tr|C3RSU8|C3RSU8_9ANUR	RILGPVLGLVGNALGGLIKKIG	True	abs_residual_z >= 1.5	11.17	13.57	3.99	2157.7	0	0.97373720762774	0.10360810259719803
tr|C3RSU9|C3RSU9_9ANUR	RILGPVLGLVGSVLGGLLKNLG	True	abs_residual_z >= 1.5	11.0	13.56	2.99	2144.66	0	0.4630948154237579	-0.062360761904164
tr|C3RSV0|C3RSV0_9ANUR	RIMGPVLGLVSNALGGLLKNLG	True	abs_residual_z >= 1.5	11.0	13.56	2.99	2191.69	0	0.4544870048805819	-0.006755538552867885
tr|C3RSV1|C3RSV1_9ANUR	RILGPALGLVGNALGGLLKNLG	True	abs_residual_z >= 1.5	11.0	13.56	2.99	2115.58	0	0.46841727195353794	-0.09674306883709365
tr|C3RSV2|C3RSV2_9ANUR	RTAKDHEVMKRLEAVMRDLDPLDHPEKASERETRGFIKKIG	True	abs_residual_z >= 1.5	8.39	10.12	2.07	4803.5	0	-2.2791789279315005	2.8188677338423633
tr|C3RSV3|C3RSV3_9ANUR	RILGPVLGLVDSALGGLLKYLG	True	abs_residual_z >= 1.5	8.59	10.44	1.99	2223.71	0	-1.6861402356271051	-0.232526917311009
tr|C3RSV4|C3RSV4_BOMMX	RILGPVLSLVGNALGGLIKKIG	True	abs_residual_z >= 1.5	11.17	13.57	3.99	2187.73	0	0.9682408744231562	0.13911362794781312
tr|C3RSV5|C3RSV5_BOMMX	RILGPVISTIGNVLGGLLKNLG	True	abs_residual_z >= 1.5	11.0	13.56	2.99	2203.68	0	0.4522924982164807	0.007420660213494554
tr|C3RSV6|C3RSV6_BOMMX	RILGPVISTIGGVLGGLLKNLG	True	abs_residual_z >= 1.5	11.0	13.56	2.99	2146.63	0	0.4627342501086386	-0.06003156160643772
tr|C3RSV7|C3RSV7_BOMMX	RILGPVISTIGGVLGGLLKNLG	True	abs_residual_z >= 1.5	11.0	13.56	2.99	2146.63	0	0.4627342501086386	-0.06003156160643772
tr|C3RSV8|C3RSV8_BOMMX	RILGPVLGLVGNALGGLIKEIG	True	abs_residual_z >= 1.5	8.75	11.4	1.99	2158.64	0	-1.3373101981331492	-0.3000735150453996
tr|C3RSV9|C3RSV9_BOMMX	RILGPVLGLVGNALGGLIKKIG	True	abs_residual_z >= 1.5	11.17	13.57	3.99	2157.7	0	0.97373720762774	0.10360810259719803
tr|C3RSW0|C3RSW0_BOMMX	RILGPVISTIGGVLGGLLKNLG	True	abs_residual_z >= 1.5	11.0	13.56	2.99	2146.63	0	0.4627342501086386	-0.06003156160643772
tr|C3RSW3|C3RSW3_BOMMX	RILGPVISTIGGVLGGLLKNLG	True	abs_residual_z >= 1.5	11.0	13.56	2.99	2146.63	0	0.4627342501086386	-0.06003156160643772
tr|C3RSW4|C3RSW4_BOMMX	RILGPVLGLVSGTLDDVLGILG	True	abs_residual_z >= 1.5	4.21	6.69	-0.01	2176.61	1	-5.065465940709353	-0.7899240352770653
tr|C3RSW5|C3RSW5_BOMMX	RILGPVLGLVSNTLDDVLGILG	True	abs_residual_z >= 1.5	4.21	6.69	-0.01	2233.66	1	-5.075907692601511	-0.7224718134571331
tr|C3RSW7|C3RSW7_BOMMX	RILGPVLGLVGNALGGLIKKIG	True	abs_residual_z >= 1.5	11.17	13.57	3.99	2157.7	0	0.97373720762774	0.10360810259719803
tr|C3RSW8|C3RSW8_BOMMX	RILGPVLGLVGNALGGLLKNLG	True	abs_residual_z >= 1.5	11.0	13.56	2.99	2143.63	0	0.4632833343448608	-0.06357856713596968
tr|C3RSW9|C3RSW9_BOMMX	RILGPVLGLVGNDLEVYLKILDNYNL	True	abs_residual_z >= 1.5	4.56	6.81	-0.01	2913.43	1	-5.056572983226511	0.09826254811009592
tr|C3RSX0|C3RSX0_BOMMX	RLLGPVLGLVSNDLEVYLKILDNYNQ	True	abs_residual_z >= 1.5	4.56	6.81	-0.01	2958.42	1	-5.064807416489056	0.1514558077013104
tr|C3RSX1|C3RSX1_BOMMX	RLLGPVLGLVSNALGGLLKNIG	True	abs_residual_z >= 1.5	11.0	13.56	2.99	2173.66	0	0.4577870011402771	-0.028073041785355152
tr|C3RSX3|C3RSX3_BOMMX	RILGPVLGLVGNALGGLIKKIG	True	abs_residual_z >= 1.5	11.17	13.57	3.99	2157.7	0	0.97373720762774	0.10360810259719803
tr|C3RSX4|C3RSX4_BOMMX	RILGPVISTIGGVLGGLLKNLG	True	abs_residual_z >= 1.5	11.0	13.56	2.99	2146.63	0	0.4627342501086386	-0.06003156160643772
tr|C3RSX5|C3RSX5_BOMMX	RILGPVISTIGGVLGGLLKNLG	True	abs_residual_z >= 1.5	11.0	13.56	2.99	2146.63	0	0.4627342501086386	-0.06003156160643772
tr|C3RSX6|C3RSX6_BOMMX	RILGPVISTIGGVLGGLLKNLG	True	abs_residual_z >= 1.5	11.0	13.56	2.99	2146.63	0	0.4627342501086386	-0.06003156160643772
tr|C3RSX7|C3RSX7_BOMMX	RVLGPVLGLVSNALGGLLG	True	abs_residual_z >= 1.5	9.75	13.55	1.99	1804.2	0	-0.32024958057843844	-0.6673057958800814
tr|C3RSX8|C3RSX8_BOMMX	RILGPVISKIGGVLGGLLKNLG	True	abs_residual_z >= 1.5	11.17	13.57	3.99	2173.7	0	0.9708087583678885	0.12252546542136844
tr|C3RSX9|C3RSX9_BOMMX	RILGPVISTIGGVLGGLLKNLG	True	abs_residual_z >= 1.5	11.0	13.56	2.99	2146.63	0	0.4627342501086386	-0.06003156160643772
tr|C3RSY0|C3RSY0_BOMMX	RILGPVISTIGNVLGGLLKNLG	True	abs_residual_z >= 1.5	11.0	13.56	2.99	2203.68	0	0.4522924982164807	0.007420660213494554
tr|C3RSY1|C3RSY1_BOMMX	RILGPVISTIGGVLGGLLKNLG	True	abs_residual_z >= 1.5	11.0	13.56	2.99	2146.63	0	0.4627342501086386	-0.06003156160643772
tr|C3RSY3|C3RSY3_BOMMX	RILGPVLSLVGNALGGLIKKIG	True	abs_residual_z >= 1.5	11.17	13.57	3.99	2187.73	0	0.9682408744231562	0.13911362794781312
tr|C3RSY4|C3RSY4_BOMMX	RILGPVLGLVGNALGGLIKKIG	True	abs_residual_z >= 1.5	11.17	13.57	3.99	2157.7	0	0.97373720762774	0.10360810259719803
tr|C3RSY5|C3RSY5_BOMMX	RILGPVLGLIGNALGGLIKKIG	True	abs_residual_z >= 1.5	11.17	13.57	3.99	2171.73	0	0.9711693236830077	0.1201962651236427
tr|C3RSY7|C3RSY7_BOMMX	RISGPVLGLVGNALGGLIKKIG	True	abs_residual_z >= 1.5	11.17	13.57	3.99	2131.62	0	0.9785105799212979	0.07277280119380036
tr|C3RSY8|C3RSY8_BOMMX	RILGPVLGLVGNALGGLIKKIG	True	abs_residual_z >= 1.5	11.17	13.57	3.99	2157.7	0	0.97373720762774	0.10360810259719803
tr|C3RSY9|C3RSY9_BOMMX	RSVKNDKQSLSQRDVLEEESLREI	True	abs_residual_z >= 1.5	5.06	7.06	-0.01	2858.14	1	-4.817551650355405	0.05734279959409511
tr|C3RSZ0|C3RSZ0_BOMMX	RILGPVISKIGGVLGGLLKNLG	True	abs_residual_z >= 1.5	11.17	13.57	3.99	2173.7	0	0.9708087583678885	0.12252546542136844
tr|C3RSZ1|C3RSZ1_BOMMX	RILGPVISTIGGVLGGLLKNLG	True	abs_residual_z >= 1.5	11.0	13.56	2.99	2146.63	0	0.4627342501086386	-0.06003156160643772
tr|C3RSZ2|C3RSZ2_BOMMX	RILGPVIKTIGGVIGGLLKNLG	True	abs_residual_z >= 1.5	11.17	13.57	3.99	2187.73	0	0.9682408744231562	0.13911362794781312
tr|C3RTJ1|C3RTJ1_9ANUR	RILGPVLGLVGNALGGLLKNLG	True	abs_residual_z >= 1.5	11.0	13.56	2.99	2143.63	0	0.4632833343448608	-0.06357856713596968
tr|C3RTJ2|C3RTJ2_9ANUR	RILGPVISTIGGVLGGLLKNLG	True	abs_residual_z >= 1.5	11.0	13.56	2.99	2146.63	0	0.4627342501086386	-0.06003156160643772
tr|C3RTJ3|C3RTJ3_9ANUR	RILGPVLGLVGNALGGLLKNLG	True	abs_residual_z >= 1.5	11.0	13.56	2.99	2143.63	0	0.4632833343448608	-0.06357856713596968
tr|C3RTJ4|C3RTJ4_9ANUR	RILGPVISKIGGVLGGLLKNLG	True	abs_residual_z >= 1.5	11.17	13.57	3.99	2173.7	0	0.9708087583678885	0.12252546542136844
tr|C3RTJ5|C3RTJ5_9ANUR	RILGPVLGLVGNALGGLIKKIG	True	abs_residual_z >= 1.5	11.17	13.57	3.99	2157.7	0	0.97373720762774	0.10360810259719803
tr|C3RTJ6|C3RTJ6_9ANUR	RILGPVLGLVSNALGGLLKNLG	True	abs_residual_z >= 1.5	11.0	13.56	2.99	2173.66	0	0.4577870011402771	-0.028073041785355152
tr|C3RTJ7|C3RTJ7_9ANUR	RILGPVISTIGNVLGGLLKNLG	True	abs_residual_z >= 1.5	11.0	13.56	2.99	2203.68	0	0.4522924982164807	0.007420660213494554
tr|C3RTJ8|C3RTJ8_9ANUR	RILGPVLGLVSNALGGLLG	True	abs_residual_z >= 1.5	9.75	13.55	1.99	1818.22	0	-0.3228156342423833	-0.6507294567054022
tr|C3RTJ9|C3RTJ9_9ANUR	RILGPVISTIGNVLGGLLKNLG	True	abs_residual_z >= 1.5	11.0	13.56	2.99	2203.68	0	0.4522924982164807	0.007420660213494554
tr|C3RTK0|C3RTK0_9ANUR	RILGPVLGLVGNALGGLIKKIG	True	abs_residual_z >= 1.5	11.17	13.57	3.99	2157.7	0	0.97373720762774	0.10360810259719803
tr|C3RTK1|C3RTK1_9ANUR	RILGPVISTIGNVLGGLLKNLG	True	abs_residual_z >= 1.5	11.0	13.56	2.99	2203.68	0	0.4522924982164807	0.007420660213494554
tr|C3RTK2|C3RTK2_9ANUR	RILGPVLGLVSNALGGLIKKIG	True	abs_residual_z >= 1.5	11.17	13.57	3.99	2187.73	0	0.9682408744231562	0.13911362794781312
tr|C3RTK4|C3RTK4_9ANUR	RILGPVLGLVGNALGGLLKNLG	True	abs_residual_z >= 1.5	11.0	13.56	2.99	2143.63	0	0.4632833343448608	-0.06357856713596968
tr|C3RTK6|C3RTK6_9ANUR	RILGPVLGLVGNALGGLLKNLG	True	abs_residual_z >= 1.5	11.0	13.56	2.99	2143.63	0	0.4632833343448608	-0.06357856713596968
tr|C3RTK7|C3RTK7_9ANUR	RILGPVLGLVSNALGGLLKNLG	True	abs_residual_z >= 1.5	11.0	13.56	2.99	2173.66	0	0.4577870011402771	-0.028073041785355152
tr|C3RTK8|C3RTK8_9ANUR	RILGPVISTIGGVLGGLLKNLG	True	abs_residual_z >= 1.5	11.0	13.56	2.99	2146.63	0	0.4627342501086386	-0.06003156160643772
tr|C3RTK9|C3RTK9_9ANUR	RILGPVLGLVGNALGGLLKNLG	True	abs_residual_z >= 1.5	11.0	13.56	2.99	2143.63	0	0.4632833343448608	-0.06357856713596968
tr|C3RTL1|C3RTL1_9ANUR	RILGPVISTIGNALGGLLKNLG	True	abs_residual_z >= 1.5	11.0	13.56	2.99	2175.63	0	0.4574264358251578	-0.025743841487628868
tr|D3WKE2|D3WKE2_RANSP	GPMAEPESAK	True	abs_residual_z >= 1.5	4.53	6.88	-0.01	1015.15	1	-4.697400240547452	-2.147456749318318
tr|D3WKE2|D3WKE2_RANSP	RGLQKKEIAQLREAVRDMNDQQDYTGWMDFGR	True	abs_residual_z >= 1.5	6.27	9.57	0.99	3855.29	1	-3.41765179365714	1.4412365533188094
tr|D3WKE2|D3WKE2_RANSP	RNSGA	True	abs_residual_z >= 1.5	9.75	13.55	1.99	502.53	0	-0.08200742132400826	-2.2063160250886997
tr|I3RU60|I3RU60_9ANUR	RFIGKLISAASGLLSHLG	True	abs_residual_z >= 1.5	11.0	13.56	3.03	1839.2	0	0.5373095535458501	-0.4178220276815578
tr|I3RU61|I3RU61_9ANUR	RILGAILPLVSGLLSHLG	True	abs_residual_z >= 1.5	9.76	13.55	2.03	1828.26	0	-0.303266356283918	-0.6326838262753394
tr|Q4L0B6|Q4L0B6_BOMMX	RILGPVLGLVGNALGGLIKKIG	True	abs_residual_z >= 1.5	11.17	13.57	3.99	2157.7	0	0.97373720762774	0.10360810259719803
tr|Q800R7|Q800R7_RANCA	RGLLSVLGSLKLIVPHVVPLIAEHLG	True	abs_residual_z >= 1.5	8.76	11.4	2.07	2730.36	0	-1.4022571502518175	0.387760974566715
tr|Q800R8|Q800R8_RANCA	RGLFGILGSVAKHVLPHVVPVIAEHSG	True	abs_residual_z >= 1.5	8.77	11.4	2.12	2789.3	0	-1.3870812000462849	0.465046504438036
tr|X5JAN0|X5JAN0_BOMVA	RFLGLLGGLLG	True	abs_residual_z >= 1.5	9.75	13.55	1.99	1114.39	0	-0.19399498158230388	-1.482892423988893
tr|X5JB11|X5JB11_BOMVA	RFLGLIGSLLG	True	abs_residual_z >= 1.5	9.75	13.55	1.99	1144.42	0	-0.1994913147868876	-1.4473868986382783
